Plate,Well,Barcode,4sU
1,A1,TTCTCGCATG,control
1,A2,TCCTACCAGT,control
1,A3,GCGTTGGAGC,control
1,A4,GATCTTACGC,4sU
1,A5,CTGATGGTCA,4sU
1,A6,CCGAGAATCC,4sU
1,A7,GCCGCAACGA,4sU
1,A8,TGAGTCTGGC,4sU
1,A9,TGCGGACCTA,4sU
1,A10,ACCTCGTTGA,4sU
1,A11,ACGGAGGCGG,4sU
1,A12,TAGATCTACT,4sU
1,B1,AATTAAGACT,control
1,B2,CCATTGCGTT,control
1,B3,TTATTCATTC,control
1,B4,ATCTCCGAAC,4sU
1,B5,TTGACTTCAG,4sU
1,B6,GGCAGGTATT,4sU
1,B7,AGAGCTATAA,4sU
1,B8,CTAAGAGAAG,4sU
1,B9,ACTCAATAGG,4sU
1,B10,CTTGCGCCGC,4sU
1,B11,AATCGTAGCG,4sU
1,B12,GGTACTGCCT,4sU
1,C1,TAGAATTAAC,control
1,C2,GCCATTCTCC,control
1,C3,TGCCGGCAGA,control
1,C4,TTACCGAGGC,4sU
1,C5,ATCATATTAG,4sU
1,C6,TGGTCAGCCA,4sU
1,C7,ACTATGCAAT,4sU
1,C8,CGACGCGACT,4sU
1,C9,GATACGGAAC,4sU
1,C10,TTATCCGGAT,4sU
1,C11,TAGAGTAATA,4sU
1,C12,GCAGGTCCGT,4sU
1,D1,TCGGCCTTAC,control
1,D2,AGAACGTCTC,control
1,D3,CCAGTTCCAA,control
1,D4,GGCGTTAAGG,4sU
1,D5,ACTTAACCTT,4sU
1,D6,CAACCGCTAA,4sU
1,D7,GACCTTGATA,4sU
1,D8,TCTGATACCA,4sU
1,D9,GAAGATCGAG,4sU
1,D10,AGGAGCGGTA,4sU
1,D11,AAGAAGCTAG,4sU
1,D12,TCCGGCCTCG,4sU
1,E1,AGAGAAGGTT,control
1,E2,CATACTCCGA,control
1,E3,GCTAACTTGC,control
1,E4,AATCCATCTT,4sU
1,E5,GGCTGAGCTC,4sU
1,E6,CCGATTCCTG,4sU
1,E7,ACCGCCAACC,4sU
1,E8,TGGCCTGAAG,4sU
1,E9,AACCTCATTC,4sU
1,E10,ATAAGGAGCA,4sU
1,E11,CGAACGCCGG,4sU
1,E12,GGTATGCTTG,4sU
1,F1,AACCTGCGTA,control
1,F2,GGCAGACGCC,control
1,F3,TAGCCGTCAT,control
1,F4,CCTGGAAGAG,4sU
1,F5,GGAGGTTCTA,4sU
1,F6,CTAGTAGTCT,4sU
1,F7,ATCATCAACG,4sU
1,F8,ACGCGAGATT,4sU
1,F9,GAAGAGGCAT,4sU
1,F10,GGTATCCGCC,4sU
1,F11,AACTAGGCGC,4sU
1,F12,TCGCTAAGCA,4sU
1,G1,TATATACTAA,control
1,G2,ACTTGCTAGA,control
1,G3,AACCATTGGA,control
1,G4,TCGCGGTTGG,4sU
1,G5,CGTAGTTACC,4sU
1,G6,TCCAATCATC,4sU
1,G7,AATCGATAAT,4sU
1,G8,CCATTATCTA,4sU
1,G9,TCAACGTAAG,4sU
1,G10,TCTAATAGTA,4sU
1,G11,AACCGCTGGT,4sU
1,G12,GATCGCTTCT,4sU
1,H1,CTAACTAGAT,control
1,H2,GCTGGAACTT,control
1,H3,AGGTTAGTTC,control
1,H4,CATTCGACGG,4sU
1,H5,CATTCAATCA,4sU
1,H6,CGGATTAGAA,4sU
1,H7,ATCGGCTATC,4sU
1,H8,CCTTGATCGT,4sU
1,H9,ACGAAGTCAA,4sU
1,H10,TTACCTCGAC,4sU
1,H11,GGAGGATAGC,4sU
1,H12,GGCTCTCTAT,4sU
2,A1,GGTTGGCGAC,4sU
2,A2,GTAGATCGTT,4sU
2,A3,GAGGTCGGTT,4sU
2,A4,ACGCGCTCCT,4sU
2,A5,AGCGTCGTAT,4sU
2,A6,GACCAATGCG,4sU
2,A7,AGGTAGAGCT,4sU
2,A8,TTGCAGCATT,4sU
2,A9,GTAGATGCGC,4sU
2,A10,TCGGTAAGGC,4sU
2,A11,ACGATAGACT,4sU
2,A12,GCGGCCAATC,4sU
2,B1,ACGCGTATCG,4sU
2,B2,CATGACTCAA,4sU
2,B3,ACTCCGCCAA,4sU
2,B4,ACGTTGAATG,4sU
2,B5,AGGACTGCGA,4sU
2,B6,ACTCGACGCC,4sU
2,B7,CCTATCATAA,4sU
2,B8,AATCCGGTCA,4sU
2,B9,CTATTAACCA,4sU
2,B10,GATCCAGCGT,4sU
2,B11,TGAGACTCTA,4sU
2,B12,GCGGAGTCGA,4sU
2,C1,GAGGCTTATT,4sU
2,C2,CGCCAGGCAT,4sU
2,C3,AATACCAGTT,4sU
2,C4,GCGGTTATTG,4sU
2,C5,CATCCAGCCA,4sU
2,C6,GGCTGCCTTA,4sU
2,C7,TTCTATAGAG,4sU
2,C8,TCTAGTCAAG,4sU
2,C9,ACGGAGAATA,4sU
2,C10,ATTAACTTAA,4sU
2,C11,CGTATTGAGA,4sU
2,C12,TAGCCAGCAA,4sU
2,D1,TCGGCGTCGT,4sU
2,D2,GCCTGATATA,4sU
2,D3,GCCTCAGCAT,4sU
2,D4,ATCTAGGTTC,4sU
2,D5,GACGAGGTTG,4sU
2,D6,CTGGTTGGTT,4sU
2,D7,CCGCGCAGGT,4sU
2,D8,ACTCTACTGG,4sU
2,D9,CCTGAGAGCA,4sU
2,D10,ACCAGTATAA,4sU
2,D11,TCCGCCGGTC,4sU
2,D12,TGCCTAACTT,4sU
2,E1,TTCTCTGAGA,4sU
2,E2,CCTGCATCAA,4sU
2,E3,TCTGACGAGG,4sU
2,E4,GATTCCGGAA,4sU
2,E5,TGGCATAACG,4sU
2,E6,TCTCTCATCC,4sU
2,E7,TTCGCTGCCT,4sU
2,E8,GGATTCTATC,4sU
2,E9,TAGAATAGCC,4sU
2,E10,GCTCGAATCA,4sU
2,E11,GGCTCGAGAT,4sU
2,E12,TCCTCTCCGT,4sU
2,F1,ATAACCGTTC,4sU
2,F2,AGGTCTATGG,4sU
2,F3,AGCAAGAACC,4sU
2,F4,TTGATATGAA,4sU
2,F5,TGGCAGAAGT,4sU
2,F6,CTTCATTAGA,4sU
2,F7,AATCGAACTC,4sU
2,F8,GGACGACGCA,4sU
2,F9,CGTCTATGAA,4sU
2,F10,CGAATCTCCT,4sU
2,F11,GGCTATTCGA,4sU
2,F12,TCTATCGGTA,4sU
2,G1,CGAAGGCATG,4sU
2,G2,AATTGAGAGA,4sU
2,G3,GTAGTTGGAT,4sU
2,G4,CCTAAGCGGT,4sU
2,G5,CGTAAGGAGT,4sU
2,G6,AAGCATCCTA,4sU
2,G7,CTGAAGAGAC,4sU
2,G8,GGCTTCTGGA,4sU
2,G9,AGCGATCCGC,4sU
2,G10,ACGCTTCTCT,4sU
2,G11,ATATGCCATC,4sU
2,G12,AAGTACGTTA,4sU
2,H1,GAATGAGGAG,4sU
2,H2,AGGCCGGTAA,4sU
2,H3,GCCATCAACT,4sU
2,H4,ACTGGTAGAT,4sU
2,H5,ATGAGTTCTC,4sU
2,H6,CCATCGGACC,4sU
2,H7,GGCATCTACC,4sU
2,H8,TTCTCTACTA,4sU
2,H9,CCAGGCTCTT,4sU
2,H10,ATCCATCAGG,4sU
2,H11,CTCGGAGCAA,4sU
2,H12,GGCGGTTGAC,4sU