GEX,inneri7
IMPKgexP1A01,IMPKgdoP1A01TCGGATTCGG
IMPKgexP1B01,IMPKgdoP1A01CTAAGCCTTG
IMPKgexP1C01,IMPKgdoP1A01CTAACTAGGT
IMPKgexP1D01,IMPKgdoP1A01GCAAGACCGT
IMPKgexP1E01,IMPKgdoP1A01ATGGAACGAA
IMPKgexP1F01,IMPKgdoP1A01TAGAGGCGTT
IMPKgexP1G01,IMPKgdoP1A01GCATCGTATG
IMPKgexP1H01,IMPKgdoP1A01TGGACGACTA
IMPKgexP1A10,IMPKgdoP1A10TCGGATTCGG
IMPKgexP1B10,IMPKgdoP1A10CTAAGCCTTG
IMPKgexP1C10,IMPKgdoP1A10CTAACTAGGT
IMPKgexP1D10,IMPKgdoP1A10GCAAGACCGT
IMPKgexP1E10,IMPKgdoP1A10ATGGAACGAA
IMPKgexP1F10,IMPKgdoP1A10TAGAGGCGTT
IMPKgexP1G10,IMPKgdoP1A10GCATCGTATG
IMPKgexP1H10,IMPKgdoP1A10TGGACGACTA
IMPKgexP1A11,IMPKgdoP1A11TCGGATTCGG
IMPKgexP1B11,IMPKgdoP1A11CTAAGCCTTG
IMPKgexP1C11,IMPKgdoP1A11CTAACTAGGT
IMPKgexP1D11,IMPKgdoP1A11GCAAGACCGT
IMPKgexP1E11,IMPKgdoP1A11ATGGAACGAA
IMPKgexP1F11,IMPKgdoP1A11TAGAGGCGTT
IMPKgexP1G11,IMPKgdoP1A11GCATCGTATG
IMPKgexP1H11,IMPKgdoP1A11TGGACGACTA
IMPKgexP1A12,IMPKgdoP1A12TCGGATTCGG
IMPKgexP1B12,IMPKgdoP1A12CTAAGCCTTG
IMPKgexP1C12,IMPKgdoP1A12CTAACTAGGT
IMPKgexP1D12,IMPKgdoP1A12GCAAGACCGT
IMPKgexP1E12,IMPKgdoP1A12ATGGAACGAA
IMPKgexP1F12,IMPKgdoP1A12TAGAGGCGTT
IMPKgexP1G12,IMPKgdoP1A12GCATCGTATG
IMPKgexP1H12,IMPKgdoP1A12TGGACGACTA
IMPKgexP1A02,IMPKgdoP1A02TCGGATTCGG
IMPKgexP1B02,IMPKgdoP1A02CTAAGCCTTG
IMPKgexP1C02,IMPKgdoP1A02CTAACTAGGT
IMPKgexP1D02,IMPKgdoP1A02GCAAGACCGT
IMPKgexP1E02,IMPKgdoP1A02ATGGAACGAA
IMPKgexP1F02,IMPKgdoP1A02TAGAGGCGTT
IMPKgexP1G02,IMPKgdoP1A02GCATCGTATG
IMPKgexP1H02,IMPKgdoP1A02TGGACGACTA
IMPKgexP1A03,IMPKgdoP1A03TCGGATTCGG
IMPKgexP1B03,IMPKgdoP1A03CTAAGCCTTG
IMPKgexP1C03,IMPKgdoP1A03CTAACTAGGT
IMPKgexP1D03,IMPKgdoP1A03GCAAGACCGT
IMPKgexP1E03,IMPKgdoP1A03ATGGAACGAA
IMPKgexP1F03,IMPKgdoP1A03TAGAGGCGTT
IMPKgexP1G03,IMPKgdoP1A03GCATCGTATG
IMPKgexP1H03,IMPKgdoP1A03TGGACGACTA
IMPKgexP1A04,IMPKgdoP1A04TCGGATTCGG
IMPKgexP1B04,IMPKgdoP1A04CTAAGCCTTG
IMPKgexP1C04,IMPKgdoP1A04CTAACTAGGT
IMPKgexP1D04,IMPKgdoP1A04GCAAGACCGT
IMPKgexP1E04,IMPKgdoP1A04ATGGAACGAA
IMPKgexP1F04,IMPKgdoP1A04TAGAGGCGTT
IMPKgexP1G04,IMPKgdoP1A04GCATCGTATG
IMPKgexP1H04,IMPKgdoP1A04TGGACGACTA
IMPKgexP1A05,IMPKgdoP1A05TCGGATTCGG
IMPKgexP1B05,IMPKgdoP1A05CTAAGCCTTG
IMPKgexP1C05,IMPKgdoP1A05CTAACTAGGT
IMPKgexP1D05,IMPKgdoP1A05GCAAGACCGT
IMPKgexP1E05,IMPKgdoP1A05ATGGAACGAA
IMPKgexP1F05,IMPKgdoP1A05TAGAGGCGTT
IMPKgexP1G05,IMPKgdoP1A05GCATCGTATG
IMPKgexP1H05,IMPKgdoP1A05TGGACGACTA
IMPKgexP1A06,IMPKgdoP1A06TCGGATTCGG
IMPKgexP1B06,IMPKgdoP1A06CTAAGCCTTG
IMPKgexP1C06,IMPKgdoP1A06CTAACTAGGT
IMPKgexP1D06,IMPKgdoP1A06GCAAGACCGT
IMPKgexP1E06,IMPKgdoP1A06ATGGAACGAA
IMPKgexP1F06,IMPKgdoP1A06TAGAGGCGTT
IMPKgexP1G06,IMPKgdoP1A06GCATCGTATG
IMPKgexP1H06,IMPKgdoP1A06TGGACGACTA
IMPKgexP1A07,IMPKgdoP1A07TCGGATTCGG
IMPKgexP1B07,IMPKgdoP1A07CTAAGCCTTG
IMPKgexP1C07,IMPKgdoP1A07CTAACTAGGT
IMPKgexP1D07,IMPKgdoP1A07GCAAGACCGT
IMPKgexP1E07,IMPKgdoP1A07ATGGAACGAA
IMPKgexP1F07,IMPKgdoP1A07TAGAGGCGTT
IMPKgexP1G07,IMPKgdoP1A07GCATCGTATG
IMPKgexP1H07,IMPKgdoP1A07TGGACGACTA
IMPKgexP1A08,IMPKgdoP1A08TCGGATTCGG
IMPKgexP1B08,IMPKgdoP1A08CTAAGCCTTG
IMPKgexP1C08,IMPKgdoP1A08CTAACTAGGT
IMPKgexP1D08,IMPKgdoP1A08GCAAGACCGT
IMPKgexP1E08,IMPKgdoP1A08ATGGAACGAA
IMPKgexP1F08,IMPKgdoP1A08TAGAGGCGTT
IMPKgexP1G08,IMPKgdoP1A08GCATCGTATG
IMPKgexP1H08,IMPKgdoP1A08TGGACGACTA
IMPKgexP1A09,IMPKgdoP1A09TCGGATTCGG
IMPKgexP1B09,IMPKgdoP1A09CTAAGCCTTG
IMPKgexP1C09,IMPKgdoP1A09CTAACTAGGT
IMPKgexP1D09,IMPKgdoP1A09GCAAGACCGT
IMPKgexP1E09,IMPKgdoP1A09ATGGAACGAA
IMPKgexP1F09,IMPKgdoP1A09TAGAGGCGTT
IMPKgexP1G09,IMPKgdoP1A09GCATCGTATG
IMPKgexP1H09,IMPKgdoP1A09TGGACGACTA
